<?xml version="1.0" encoding="utf-8"?>
<config xmlns:xsi="http://www.w3.org/2001/XMLSchema-instance" xsi:noNamespaceSchemaLocation="SDKSchema.xsd">
    <offlineCache>
        <length>0</length>
        <queueExpirationSecs>3600</queueExpirationSecs>
        <timeout>15</timeout>
        <retryLimit>3</retryLimit>
        <ark_timeout>5</ark_timeout>
        <ark_retryLimit>2</ark_retryLimit>
        <ark_offlinead_expiration>259200</ark_offlinead_expiration>
    </offlineCache>
	<ark>
		<report>
			<domain>
				<url>log00.cloudcross.net</url>
				<url>i.dsp.tukmob.com</url>
			</domain>
		</report>
	</ark>
    <companies>
        <company>
            <name>admaster</name>
			<dsp>6</dsp>
            <domain>
                <url>admaster.com.cn</url>
            </domain>
            <signature>
                <publicKey>Z83476Hel</publicKey>
                <paramKey>0b</paramKey>
            </signature>
            <switch>
                <isTrackLocation>false</isTrackLocation>
                <offlineCacheExpiration>86400</offlineCacheExpiration>
                <encrypt>
                    <MAC>md5</MAC>
                    <IDA>md5</IDA>
                    <IMEI>md5</IMEI>
                    <ANDROIDID>raw</ANDROIDID>
                </encrypt>
            </switch>
            <config>
                <arguments>
                    <argument>
                        <key>OS</key>
                        <value>0a</value>
                        <urlEncode>true</urlEncode>
                        <isAttached>true</isAttached>
                        <isRequired>true</isRequired>
                    </argument>
                    <argument>
                        <key>OS</key>
                        <value>[OS]</value>
                        <urlEncode>true</urlEncode>
                        <isAttached>false</isAttached>
                        <isRequired>true</isRequired>
                    </argument>
                    <argument>
                        <key>TS</key>
                        <value>t</value>
                        <urlEncode>true</urlEncode>
                        <isAttached>true</isAttached>
                        <isRequired>true</isRequired>
                    </argument>
                    <argument>
                        <key>MAC</key>
                        <value>n</value>
                        <urlEncode>true</urlEncode>
                        <isAttached>true</isAttached>
                        <isRequired>true</isRequired>
                    </argument>
                    <argument>
                        <key>MAC</key>
                        <value>[MAC]</value>
                        <urlEncode>true</urlEncode>
                        <isAttached>false</isAttached>
                        <isRequired>true</isRequired>
                    </argument>
                    <argument>
                        <key>IDFA</key>
                        <value>z</value>
                        <urlEncode>true</urlEncode>
                        <isAttached>true</isAttached>
                        <isRequired>true</isRequired>
                    </argument>
                    <argument>
                        <key>IDFA</key>
                        <value>[IDFA]</value>
                        <urlEncode>true</urlEncode>
                        <isAttached>false</isAttached>
                        <isRequired>true</isRequired>
                    </argument>
                    <argument>
                        <key>IMEI</key>
                        <value>0c</value>
                        <urlEncode>true</urlEncode>
                        <isAttached>true</isAttached>
                        <isRequired>true</isRequired>
                    </argument>
                    <argument>
                        <key>ANDROIDID</key>
                        <value>0d</value>
                        <urlEncode>true</urlEncode>
                        <isAttached>true</isAttached>
                        <isRequired>true</isRequired>
                    </argument>
                    <argument>
                        <key>ANDROIDID</key>
                        <value>[Android]</value>
                        <urlEncode>true</urlEncode>
                        <isAttached>false</isAttached>
                        <isRequired>true</isRequired>
                    </argument>
                    <argument>
                        <key>WIFI</key>
                        <value>w</value>
                        <urlEncode>true</urlEncode>
                        <isAttached>true</isAttached>
                        <isRequired>true</isRequired>
                    </argument>
                    <argument>
                        <key>AKEY</key>
                        <value>x</value>
                        <urlEncode>true</urlEncode>
                        <isAttached>true</isAttached>
                        <isRequired>true</isRequired>
                    </argument>
                    <argument>
                        <key>ANAME</key>
                        <value>y</value>
                        <urlEncode>true</urlEncode>
                        <isAttached>true</isAttached>
                        <isRequired>true</isRequired>
                    </argument>
                    <argument>
                        <key>SCWH</key>
                        <value>0f</value>
                        <urlEncode>true</urlEncode>
                        <isAttached>true</isAttached>
                        <isRequired>true</isRequired>
                    </argument>
                    <argument>
                        <key>OPENUDID</key>
                        <value>o</value>
                        <urlEncode>true</urlEncode>
                        <isAttached>true</isAttached>
                        <isRequired>true</isRequired>
                    </argument>
                    <argument>
                        <key>OPENUDID</key>
                        <value>[openudid]</value>
                        <urlEncode>true</urlEncode>
                        <isAttached>false</isAttached>
                        <isRequired>true</isRequired>
                    </argument>
                    <argument>
                        <key>ODIN</key>
                        <value>0g</value>
                        <urlEncode>true</urlEncode>
                        <isAttached>true</isAttached>
                        <isRequired>true</isRequired>
                    </argument>
                    <argument>
                        <key>TERM</key>
                        <value>r</value>
                        <urlEncode>true</urlEncode>
                        <isAttached>true</isAttached>
                        <isRequired>true</isRequired>
                    </argument>
                    <argument>
                        <key>OSVS</key>
                        <value>q</value>
                        <urlEncode>true</urlEncode>
                        <isAttached>true</isAttached>
                        <isRequired>true</isRequired>
                    </argument>
                    <argument>
                        <key>LBS</key>
                        <value>l</value>
                        <urlEncode>true</urlEncode>
                        <isAttached>true</isAttached>
                        <isRequired>true</isRequired>
                    </argument>
                    <argument>
                        <key>MUID</key>
                        <value>0h</value>
                        <urlEncode>true</urlEncode>
                        <isAttached>true</isAttached>
                        <isRequired>true</isRequired>
                    </argument>
                    <argument>
                        <key>MUID</key>
                        <value>[ADUID]</value>
                        <urlEncode>true</urlEncode>
                        <isAttached>false</isAttached>
                        <isRequired>true</isRequired>
                    </argument>
                    <argument>
                        <key>REDIRECTURL</key>
                        <value>u</value>
                        <urlEncode>true</urlEncode>
                        <isAttached>false</isAttached>
                        <isRequired>true</isRequired>
                    </argument>
                </arguments>
                <events>
                    <event>
                        <key>start</key>
                        <value>m201</value>
                        <urlEncode>true</urlEncode>
                    </event>
                    <event>
                        <key>end</key>
                        <value>m203</value>
                        <urlEncode>true</urlEncode>
                    </event>
                </events>
            </config>
            <separator>,</separator>
            <equalizer/>
            <timeStampUseSecond>false</timeStampUseSecond>
        </company>
		<company>
            <name>reachmax</name>
			<dsp>14</dsp>
            <domain>
                <url>reachmax.cn</url>
            </domain>
            <signature/>
            <switch/>
            <config>
                <arguments>
                    <argument>
                        <key>OS</key>
                        <isRequired>false</isRequired>
						<reqParam>
							<value>os</value>
						</reqParam>
                    </argument>
					<argument>
                        <key>BT</key>
                        <isRequired>false</isRequired>
						<reqParam>
							<value>dtp</value>
						</reqParam>
                    </argument>	
					<argument>
                        <key>BRAND</key>
                        <isRequired>false</isRequired>
						<reqParam>
							<value>make</value>
						</reqParam>
                    </argument>	
					<argument>
                        <key>IDFA</key>
                        <isRequired>false</isRequired>
						<reqParam>
							<value>idfa</value>
						</reqParam>
                    </argument>
                    <argument>
                        <key>ANDROIDID</key>
                        <isRequired>false</isRequired>
						<reqParam>
							<value>adid</value>
							<encrypt>MD5</encrypt>
						</reqParam>
                    </argument>					
                    <argument>
                        <key>OSVS</key>
                        <isRequired>false</isRequired>
						<reqParam>
							<value>osv</value>
						</reqParam>
                    </argument>
					</arguments>
                <events/>
            </config>
			<rseparator>&amp;</rseparator>
			<requalizer>=</requalizer>
            <timeStampUseSecond>false</timeStampUseSecond>
        </company>		
        <company>
            <name>miaozhen</name>
			<dsp>4</dsp>
            <domain>
                <url>.miaozhen.com</url>
            </domain>
            <signature/>
            <switch>
                <isTrackLocation>true</isTrackLocation>
                <offlineCacheExpiration>604800</offlineCacheExpiration>
                <encrypt>
                    <MAC>raw</MAC>
                    <IDA>raw</IDA>
                    <IMEI>raw</IMEI>
                    <ANDROIDID>raw</ANDROIDID>
                </encrypt>
            </switch>
            <config>
                <arguments>
                    <argument>
                        <key>BT</key>
                        <isRequired>false</isRequired>
						<reqParam>
							<value>bt</value>
						</reqParam>
                    </argument>	
					<argument>
                        <key>OS</key>
                        <value>mo</value>
                        <urlEncode>true</urlEncode>
                        <isRequired>true</isRequired>
						<reqParam>
							<value>mo</value>
						</reqParam>
                    </argument>		
                    <argument>
                        <key>OSVS</key>
                        <isRequired>false</isRequired>
						<reqParam>
							<value>m_osv</value>
						</reqParam>
                    </argument>					
                    <argument>
                        <key>TS</key>
                        <value>mt</value>
                        <urlEncode>true</urlEncode>
                        <isRequired>true</isRequired>
                    </argument>
                    <argument>
                        <key>MAC</key>
                        <value>m6a</value>
                        <urlEncode>true</urlEncode>
                        <isRequired>true</isRequired>
						<reqParam>
							<case>upper</case>
							<encrypt>MD5</encrypt>
							<urlEncode>false</urlEncode>
						</reqParam>
                    </argument>
                    <argument>
                        <key>MAC1</key>
                        <value>m6</value>
                        <isRequired>false</isRequired>
						<reqParam>
							<case>upper</case>
							<encrypt>MD5</encrypt>
							<urlEncode>false</urlEncode>
						</reqParam>
                    </argument>					
                    <argument>
                        <key>IDFA</key>
                        <value>m5</value>
                        <urlEncode>true</urlEncode>
                        <isRequired>true</isRequired>
						<reqParam/>
                    </argument>
                    <argument>
                        <key>IMEI</key>
                        <value>m3</value>
                        <urlEncode>true</urlEncode>
                        <isRequired>true</isRequired>
						<reqParam>
							<value>m2</value>
							<encrypt>MD5</encrypt>
						</reqParam>
                    </argument>
                    <argument>
                        <key>ANDROIDID</key>
                        <value>m1</value>
                        <urlEncode>true</urlEncode>
                        <isRequired>true</isRequired>
						<reqParam/>
                    </argument>
                    <argument>
                        <key>ANDROIDID</key>
						<isRequired>false</isRequired>
						<reqParam>
							<value>m1a</value>
							<encrypt>MD5</encrypt>
						</reqParam>
                    </argument>					
                    <argument>
                        <key>TERM</key>
                        <value>md</value>
                        <urlEncode>true</urlEncode>
                        <isRequired>true</isRequired>
                    </argument>
                    <argument>
                        <key>WIFI</key>
                        <value>mk</value>
                        <urlEncode>true</urlEncode>
                        <isRequired>true</isRequired>
                    </argument>
                    <argument>
                        <key>AKEY</key>
                        <value>mp</value>
                        <urlEncode>true</urlEncode>
                        <isRequired>true</isRequired>
                    </argument>
                    <argument>
                        <key>ANAME</key>
                        <value>mn</value>
                        <urlEncode>false</urlEncode>
                        <isRequired>true</isRequired>
                    </argument>
                    <argument>
                        <key>SCWH</key>
                        <value>mh</value>
                        <urlEncode>true</urlEncode>
                        <isRequired>true</isRequired>
                    </argument>
                    <argument>
                        <key>OPENUDID</key>
                        <value>m0</value>
                        <urlEncode>true</urlEncode>
                        <isRequired>true</isRequired>
						<reqParam/>
                    </argument>
                    <argument>
                        <key>OSVS</key>
                        <value>me</value>
                        <urlEncode>true</urlEncode>
                        <isRequired>true</isRequired>
                    </argument>
                    <argument>
                        <key>LBS</key>
                        <value>mm</value>
                        <urlEncode>true</urlEncode>
                        <isRequired>true</isRequired>
                    </argument>
                    <argument>
                        <key>ADID</key>
                        <value>__IESID__</value>
                        <urlEncode>true</urlEncode>
                        <isRequired>true</isRequired>
                        <isAttached>false</isAttached>
						<reqParam>
							<value>m4</value>
						</reqParam>						
                    </argument>
                    <argument>
                        <key>LE_AID</key>
                        <value>__DRA__</value>
                        <urlEncode>true</urlEncode>
                        <isRequired>true</isRequired>
                        <isAttached>false</isAttached>
                    </argument>
                    <argument>
                        <key>MUID</key>
                        <value>__uid__</value>
                        <urlEncode>true</urlEncode>
                        <isRequired>true</isRequired>
                        <isAttached>false</isAttached>
                    </argument>
                    <argument>
                        <key>REDIRECTURL</key>
                        <value>o</value>
                        <urlEncode>true</urlEncode>
                        <isRequired>true</isRequired>
                        <isAttached>false</isAttached>
                    </argument>
                </arguments>
                <events>
                    <event>
                        <key>start</key>
                        <value>mb=start</value>
                        <urlEncode>true</urlEncode>
                    </event>
                    <event>
                        <key>end</key>
                        <value>mb=end</value>
                        <urlEncode>true</urlEncode>
                    </event>
                </events>
            </config>
            <separator>&amp;</separator>
			<rseparator>&amp;</rseparator>
            <equalizer>=</equalizer>
			<requalizer>=</requalizer>
            <timeStampUseSecond>false</timeStampUseSecond>
        </company>
        <company>
            <name>double click</name>
			<dsp>7</dsp>
            <domain>
                <url>.doubleclick.net</url>
            </domain>
            <signature/>
            <switch>
                <isTrackLocation>false</isTrackLocation>
                <offlineCacheExpiration>86400</offlineCacheExpiration>
                <encrypt>
                    <MAC>raw</MAC>
                    <IDA>raw</IDA>
                    <IMEI>raw</IMEI>
                    <ANDROIDID>raw</ANDROIDID>
                </encrypt>
            </switch>
            <config>
                <arguments>
                    <argument>
                        <key>MUID</key>
                        <value>[hashedmd5]</value>
                        <urlEncode>true</urlEncode>
                        <isRequired>true</isRequired>
                        <isAttached>false</isAttached>
                    </argument>
                    <argument>
                        <key>TS</key>
                        <value>[timestamp]</value>
                        <urlEncode>true</urlEncode>
                        <isRequired>true</isRequired>
                        <isAttached>false</isAttached>
                    </argument>
                </arguments>
                <events/>
            </config>
            <separator>;</separator>
            <equalizer>=</equalizer>
            <timeStampUseSecond>false</timeStampUseSecond>
        </company>
        <company>
            <name>imrworldwide</name>
			<dsp>8</dsp>
            <domain>
                <url>secure-chn.imrworldwide.com</url>
            </domain>
            <signature/>
            <switch>
                <isTrackLocation>false</isTrackLocation>
                <offlineCacheExpiration>86400</offlineCacheExpiration>
                <encrypt>
                    <MAC>md5</MAC>
                    <IDA>raw</IDA>
                    <IMEI>md5</IMEI>
                    <IDFA>raw</IDFA>
                    <ANDROIDID>md5</ANDROIDID>
                </encrypt>
            </switch>
            <config>
                <arguments>
                    <argument>
                        <key>OS</key>
                        <value>__OS__</value>
                        <urlEncode>true</urlEncode>
                        <isAttached>false</isAttached>
                        <isRequired>true</isRequired>
                    </argument>
                    <argument>
                        <key>MAC</key>
                        <value>__MAC__</value>
                        <urlEncode>true</urlEncode>
                        <isAttached>false</isAttached>
                        <isRequired>true</isRequired>
                    </argument>
                    <argument>
                        <key>IDFA</key>
                        <value>__IDFA__</value>
                        <urlEncode>true</urlEncode>
                        <isAttached>false</isAttached>
                        <isRequired>true</isRequired>
                    </argument>
                    <argument>
                        <key>ANDROIDID</key>
                        <value>__ANDROIDID__</value>
                        <urlEncode>true</urlEncode>
                        <isAttached>false</isAttached>
                        <isRequired>true</isRequired>
                    </argument>
                    <argument>
                        <key>OPENUDID</key>
                        <value>__OPENUDID__</value>
                        <urlEncode>true</urlEncode>
                        <isAttached>false</isAttached>
                        <isRequired>true</isRequired>
                    </argument>
                    <argument>
                        <key>IMEI</key>
                        <value>__IMEI__</value>
                        <urlEncode>true</urlEncode>
                        <isAttached>false</isAttached>
                        <isRequired>true</isRequired>
                    </argument>
                    <argument>
                        <key>TS</key>
                        <value>__TS__</value>
                        <urlEncode>true</urlEncode>
                        <isAttached>false</isAttached>
                        <isRequired>true</isRequired>
                    </argument>
                </arguments>
                <events>
                    <event>
                        <key>start</key>
                        <value>m201</value>
                        <urlEncode>true</urlEncode>
                    </event>
                    <event>
                        <key>end</key>
                        <value>m203</value>
                        <urlEncode>true</urlEncode>
                    </event>
                </events>
            </config>
            <separator>&amp;</separator>
            <equalizer>=</equalizer>
            <timeStampUseSecond>false</timeStampUseSecond>
        </company>
		<company>
            <name>trafficjam</name>
			<dsp>13</dsp>
            <domain>
                <url>s.trafficjam.cn</url>
            </domain>
            <signature/>
            <switch>
                <isTrackLocation>false</isTrackLocation>
                <offlineCacheExpiration>86400</offlineCacheExpiration>
                <encrypt>
                    <MAC>md5</MAC>
                    <IDA>raw</IDA>
                    <IMEI>md5</IMEI>
                    <IDFA>raw</IDFA>
                    <ANDROIDID>md5</ANDROIDID>
					<ANDROIDID1>raw</ANDROIDID1>
					<AAID>md5</AAID>
                </encrypt>
            </switch>
            <config>
                <arguments>
                    <argument>
                        <key>OS</key>
                        <value>__OS__</value>
                        <urlEncode>true</urlEncode>
                        <isAttached>false</isAttached>
                        <isRequired>true</isRequired>
                    </argument>
					 <argument>
                        <key>ADID</key>
                        <value>__IESID__</value>
                        <urlEncode>true</urlEncode>
                        <isRequired>true</isRequired>
                        <isAttached>false</isAttached>				
                    </argument>
					<argument>
                        <key>IP</key>
                        <value>__IP__</value>
                        <urlEncode>true</urlEncode>
                        <isAttached>false</isAttached>
                        <isRequired>true</isRequired>
                    </argument>
                    <argument>
                        <key>MAC</key>
                        <value>__MAC__</value>
                        <urlEncode>true</urlEncode>
                        <isAttached>false</isAttached>
                        <isRequired>true</isRequired>
                    </argument>
					<argument>
                        <key>MAC1</key>
                        <value>__MAC1__</value>
                        <urlEncode>true</urlEncode>
                        <isAttached>false</isAttached>
                        <isRequired>true</isRequired>
                    </argument>
                    <argument>
                        <key>IDFA</key>
                        <value>__IDFA__</value>
                        <urlEncode>true</urlEncode>
                        <isAttached>false</isAttached>
                        <isRequired>true</isRequired>
                    </argument>
					<argument>
                        <key>DUID</key>
                        <value>__DUID__</value>
                        <urlEncode>true</urlEncode>
                        <isRequired>false</isRequired>
                    </argument>
                    <argument>
                        <key>ANDROIDID</key>
                        <value>__ANDROIDID__</value>
                        <urlEncode>true</urlEncode>
                        <isAttached>false</isAttached>
                        <isRequired>true</isRequired>
                    </argument>
					<argument>
                        <key>ANDROIDID1</key>
                        <value>__ANDROIDID1__</value>
                        <urlEncode>true</urlEncode>
                        <isAttached>false</isAttached>
                        <isRequired>true</isRequired>
                    </argument>
					<argument>
                        <key>ODIN</key>
                        <value>__ODIN__</value>
                        <urlEncode>true</urlEncode>
                        <isRequired>false</isRequired>
                    </argument>
                    <argument>
                        <key>OPENUDID</key>
                        <value>__OPENUDID__</value>
                        <urlEncode>true</urlEncode>
                        <isAttached>false</isAttached>
                        <isRequired>true</isRequired>
                    </argument>
					<argument>
                        <key>AAID</key>
                        <value>__AAID__</value>
                        <urlEncode>true</urlEncode>
                        <isAttached>false</isAttached>
                        <isRequired>true</isRequired>
                    </argument>
                    <argument>
                        <key>IMEI</key>
                        <value>__IMEI__</value>
                        <urlEncode>true</urlEncode>
                        <isAttached>false</isAttached>
                        <isRequired>true</isRequired>
                    </argument>
                    <argument>
                        <key>TS</key>
                        <value>__TS__</value>
                        <urlEncode>true</urlEncode>
                        <isAttached>false</isAttached>
                        <isRequired>true</isRequired>
                    </argument>
                </arguments>
                <events>
                    <event>
                        <key>start</key>
                        <value>m201</value>
                        <urlEncode>true</urlEncode>
                    </event>
                    <event>
                        <key>end</key>
                        <value>m203</value>
                        <urlEncode>true</urlEncode>
                    </event>
                </events>
            </config>
            <separator>&amp;</separator>
            <equalizer>=</equalizer>
            <timeStampUseSecond>false</timeStampUseSecond>
        </company>
        <company>
            <name>nielsen</name>
			<dsp>9</dsp>
            <domain>
                <url>s.cr-nielsen.com</url>
            </domain>
            <signature>
                <publicKey/>
                <paramKey>pk</paramKey>
            </signature>
            <switch>
                <isTrackLocation>true</isTrackLocation>
                <offlineCacheExpiration>604800</offlineCacheExpiration>
                <encrypt>
                    <MAC>raw</MAC>
                    <IDA>raw</IDA>
                    <IMEI>raw</IMEI>
                    <ANDROIDID>raw</ANDROIDID>
                </encrypt>
            </switch>
            <config>
                <arguments>
                    <argument>
                        <key>OS</key>
                        <value>os</value>
                        <urlEncode>true</urlEncode>
                        <isRequired>true</isRequired>
                    </argument>
                    <argument>
                        <key>TS</key>
                        <value>ts</value>
                        <urlEncode>true</urlEncode>
                        <isRequired>true</isRequired>
                    </argument>
                    <argument>
                        <key>MAC</key>
                        <value>mac</value>
                        <urlEncode>true</urlEncode>
                        <isRequired>true</isRequired>
                    </argument>
                    <argument>
                        <key>IDFA</key>
                        <value>idfa</value>
                        <urlEncode>true</urlEncode>
                        <isRequired>true</isRequired>
                    </argument>
                    <argument>
                        <key>IMEI</key>
                        <value>imei</value>
                        <urlEncode>true</urlEncode>
                        <isRequired>true</isRequired>
                    </argument>
                    <argument>
                        <key>ANDROIDID</key>
                        <value>m1</value>
                        <urlEncode>true</urlEncode>
                        <isRequired>true</isRequired>
                    </argument>
                    <argument>
                        <key>WIFI</key>
                        <value>wifi</value>
                        <urlEncode>true</urlEncode>
                        <isRequired>true</isRequired>
                    </argument>
                    <argument>
                        <key>AKEY</key>
                        <value>akey</value>
                        <urlEncode>true</urlEncode>
                        <isRequired>true</isRequired>
                    </argument>
                    <argument>
                        <key>ANAME</key>
                        <value>aname</value>
                        <urlEncode>true</urlEncode>
                        <isRequired>true</isRequired>
                    </argument>
                    <argument>
                        <key>SCWH</key>
                        <value>scwh</value>
                        <urlEncode>true</urlEncode>
                        <isRequired>true</isRequired>
                    </argument>
                    <argument>
                        <key>OPENUDID</key>
                        <value>m0</value>
                        <urlEncode>true</urlEncode>
                        <isRequired>true</isRequired>
                    </argument>
                    <argument>
                        <key>DUID</key>
                        <value>duid</value>
                        <urlEncode>true</urlEncode>
                        <isRequired>false</isRequired>
                    </argument>
                    <argument>
                        <key>ODIN</key>
                        <value>odin</value>
                        <urlEncode>true</urlEncode>
                        <isRequired>false</isRequired>
                    </argument>
                    <argument>
                        <key>TERM</key>
                        <value>term</value>
                        <urlEncode>true</urlEncode>
                        <isRequired>true</isRequired>
                    </argument>
                    <argument>
                        <key>OSVS</key>
                        <value>osvs</value>
                        <urlEncode>true</urlEncode>
                        <isRequired>true</isRequired>
                    </argument>
                    <argument>
                        <key>LBS</key>
                        <value>lbs</value>
                        <urlEncode>true</urlEncode>
                        <isRequired>true</isRequired>
                    </argument>
                    <argument>
                        <key>MUID</key>
                        <value>muid</value>
                        <urlEncode>true</urlEncode>
                        <isRequired>false</isRequired>
                    </argument>
                    <argument>
                        <key>ADID</key>
                        <value>muds</value>
                        <urlEncode>true</urlEncode>
                        <isRequired>true</isRequired>
                    </argument>
                </arguments>
                <events>
                    <event>
                        <key>start</key>
                        <value>m201</value>
                        <urlEncode>true</urlEncode>
                    </event>
                    <event>
                        <key>end</key>
                        <value>m203</value>
                        <urlEncode>true</urlEncode>
                    </event>
                </events>
            </config>
            <separator>&amp;</separator>
            <equalizer>=</equalizer>
            <timeStampUseSecond>false</timeStampUseSecond>
        </company>
        <company>
            <name>wendax</name>
			<dsp>10</dsp>
            <domain>
                <url>wendax.com</url>
            </domain>
            <signature/>
            <switch>
                <isTrackLocation>false</isTrackLocation>
                <offlineCacheExpiration>86400</offlineCacheExpiration>
                <encrypt>
                    <MAC>md5</MAC>
                    <IDA>md5</IDA>
                    <IMEI>md5</IMEI>
                    <ANDROIDID>raw</ANDROIDID>
                </encrypt>
            </switch>
            <config>
                <arguments>
                    <argument>
                        <key>OS</key>
                        <value>[OS]</value>
                        <urlEncode>true</urlEncode>
                        <isAttached>false</isAttached>
                        <isRequired>true</isRequired>
                    </argument>
                    <argument>
                        <key>MAC</key>
                        <value>[MAC]</value>
                        <urlEncode>true</urlEncode>
                        <isAttached>false</isAttached>
                        <isRequired>true</isRequired>
                    </argument>
                    <argument>
                        <key>IDFA</key>
                        <value>[IDFA]</value>
                        <urlEncode>true</urlEncode>
                        <isAttached>false</isAttached>
                        <isRequired>true</isRequired>
                    </argument>
                    <argument>
                        <key>ANDROIDID</key>
                        <value>[Android]</value>
                        <urlEncode>true</urlEncode>
                        <isAttached>false</isAttached>
                        <isRequired>true</isRequired>
                    </argument>
                    <argument>
                        <key>OPENUDID</key>
                        <value>[openudid]</value>
                        <urlEncode>true</urlEncode>
                        <isAttached>false</isAttached>
                        <isRequired>true</isRequired>
                    </argument>
                    <argument>
                        <key>MUID</key>
                        <value>[ADUID]</value>
                        <urlEncode>true</urlEncode>
                        <isAttached>false</isAttached>
                        <isRequired>true</isRequired>
                    </argument>
                    <argument>
                        <key>REDIRECTURL</key>
                        <value>u</value>
                        <urlEncode>true</urlEncode>
                        <isAttached>false</isAttached>
                        <isRequired>true</isRequired>
                    </argument>
                </arguments>
                <events>
                    <event>
                        <key>start</key>
                        <value>m201</value>
                        <urlEncode>true</urlEncode>
                    </event>
                    <event>
                        <key>end</key>
                        <value>m203</value>
                        <urlEncode>true</urlEncode>
                    </event>
                </events>
            </config>
            <separator>&amp;</separator>
            <equalizer>=</equalizer>
            <timeStampUseSecond>false</timeStampUseSecond>
        </company>
        <company>
            <name>fw4.me</name>
			<dsp>11</dsp>
            <domain>
                <url>fw4.me</url>
            </domain>
            <signature/>
            <switch>
                <isTrackLocation>false</isTrackLocation>
                <offlineCacheExpiration>86400</offlineCacheExpiration>
                <encrypt>
                    <MAC>md5</MAC>
                    <IDA>md5</IDA>
                    <IMEI>md5</IMEI>
                    <ANDROIDID>raw</ANDROIDID>
                </encrypt>
            </switch>
            <config>
                <arguments>
                    <argument>
                        <key>TS</key>
                        <value>t</value>
                        <urlEncode>true</urlEncode>
                        <isAttached>true</isAttached>
                        <isRequired>true</isRequired>
                    </argument>
                    <argument>
                        <key>MAC</key>
                        <value>n</value>
                        <urlEncode>true</urlEncode>
                        <isAttached>true</isAttached>
                        <isRequired>true</isRequired>
                    </argument>
                    <argument>
                        <key>IDFA</key>
                        <value>z</value>
                        <urlEncode>true</urlEncode>
                        <isAttached>true</isAttached>
                        <isRequired>true</isRequired>
                    </argument>
                    <argument>
                        <key>IMEI</key>
                        <value>0c</value>
                        <urlEncode>true</urlEncode>
                        <isAttached>true</isAttached>
                        <isRequired>true</isRequired>
                    </argument>
                    <argument>
                        <key>ANDROIDID</key>
                        <value>0d</value>
                        <urlEncode>true</urlEncode>
                        <isAttached>true</isAttached>
                        <isRequired>true</isRequired>
                    </argument>
                    <argument>
                        <key>OPENUDID</key>
                        <value>o</value>
                        <urlEncode>true</urlEncode>
                        <isAttached>true</isAttached>
                        <isRequired>true</isRequired>
                    </argument>
                    <argument>
                        <key>TERM</key>
                        <value>r</value>
                        <urlEncode>true</urlEncode>
                        <isAttached>true</isAttached>
                        <isRequired>true</isRequired>
                    </argument>
                    <argument>
                        <key>OSVS</key>
                        <value>q</value>
                        <urlEncode>true</urlEncode>
                        <isAttached>true</isAttached>
                        <isRequired>true</isRequired>
                    </argument>
                    <argument>
                        <key>LBS</key>
                        <value>l</value>
                        <urlEncode>true</urlEncode>
                        <isAttached>true</isAttached>
                        <isRequired>true</isRequired>
                    </argument>
                    <argument>
                        <key>MUID</key>
                        <value>0h</value>
                        <urlEncode>true</urlEncode>
                        <isAttached>true</isAttached>
                        <isRequired>true</isRequired>
                    </argument>
                    <argument>
                        <key>UA</key>
                        <value>k</value>
                        <urlEncode>true</urlEncode>
                        <isAttached>true</isAttached>
                        <isRequired>true</isRequired>
                    </argument>
                    <argument>
                        <key>ADID</key>
                        <value>0i</value>
                        <urlEncode>true</urlEncode>
                        <isAttached>true</isAttached>
                        <isRequired>true</isRequired>
                    </argument>
                </arguments>
                <events>
                    <event>
                        <key>start</key>
                        <value>m201</value>
                        <urlEncode>true</urlEncode>
                    </event>
                    <event>
                        <key>end</key>
                        <value>m203</value>
                        <urlEncode>true</urlEncode>
                    </event>
                </events>
            </config>
            <separator>,</separator>
            <equalizer/>
            <timeStampUseSecond>true</timeStampUseSecond>
        </company>
        <company>
            <name>iresearch</name>
			<dsp>12</dsp>
            <domain>
                <url>a.irs01.com</url>
            </domain>
            <signature>
                <publicKey></publicKey>
                <paramKey>pk</paramKey>
            </signature>
            <switch>
                <isTrackLocation>true</isTrackLocation>
                <offlineCacheExpiration>604800</offlineCacheExpiration>
                <encrypt>
                    <MAC>raw</MAC>
                    <IDA>raw</IDA>
                    <IMEI>raw</IMEI>
                    <ANDROIDID>raw</ANDROIDID>
                </encrypt>
            </switch>
            <config>
                <arguments>
                    <argument>
                        <key>OS</key>
                        <value>os</value>
                        <urlEncode>true</urlEncode>
                        <isRequired>true</isRequired>
                    </argument>
                    <argument>
                        <key>TS</key>
                        <value>ts</value>
                        <urlEncode>true</urlEncode>
                        <isRequired>true</isRequired>
                    </argument>
                    <argument>
                        <key>MAC</key>
                        <value>mac</value>
                        <urlEncode>true</urlEncode>
                        <isRequired>true</isRequired>
                    </argument>
                    <argument>
                        <key>IDFA</key>
                        <value>idfa</value>
                        <urlEncode>true</urlEncode>
                        <isRequired>true</isRequired>
                    </argument>
                    <argument>
                        <key>IMEI</key>
                        <value>imei</value>
                        <urlEncode>true</urlEncode>
                        <isRequired>true</isRequired>
                    </argument>
                    <argument>
                        <key>ANDROIDID</key>
                        <value>androidid</value>
                        <urlEncode>true</urlEncode>
                        <isRequired>true</isRequired>
                    </argument>
                    <argument>
                        <key>AKEY</key>
                        <value>akey</value>
                        <urlEncode>true</urlEncode>
                        <isRequired>true</isRequired>
                    </argument>
                    <argument>
                        <key>WIFI</key>
                        <value>wifi</value>
                        <urlEncode>true</urlEncode>
                        <isRequired>true</isRequired>
                    </argument>
                    <argument>
                        <key>ANAME</key>
                        <value>aname</value>
                        <urlEncode>true</urlEncode>
                        <isRequired>true</isRequired>
                    </argument>
                    <argument>
                        <key>SCWH</key>
                        <value>scwh</value>
                        <urlEncode>true</urlEncode>
                        <isRequired>true</isRequired>
                    </argument>
                    <argument>
                        <key>OPENUDID</key>
                        <value>openudid</value>
                        <urlEncode>true</urlEncode>
                        <isRequired>true</isRequired>
                    </argument>
                    <argument>
                        <key>DUID</key>
                        <value>duid</value>
                        <urlEncode>true</urlEncode>
                        <isRequired>false</isRequired>
                    </argument>
                    <argument>
                        <key>ODIN</key>
                        <value>odin</value>
                        <urlEncode>true</urlEncode>
                        <isRequired>false</isRequired>
                    </argument>
                    <argument>
                        <key>TERM</key>
                        <value>term</value>
                        <urlEncode>true</urlEncode>
                        <isRequired>true</isRequired>
                    </argument>
                    <argument>
                        <key>OSVS</key>
                        <value>osvs</value>
                        <urlEncode>true</urlEncode>
                        <isRequired>true</isRequired>
                    </argument>
                    <argument>
                        <key>LBS</key>
                        <value>lbs</value>
                        <urlEncode>true</urlEncode>
                        <isRequired>true</isRequired>
                    </argument>
                    <argument>
                        <key>MUID</key>
                        <value>muid</value>
                        <urlEncode>true</urlEncode>
                        <isRequired>false</isRequired>
                    </argument>
                    <argument>
                        <key>ADID</key>
                        <value>muds</value>
                        <urlEncode>true</urlEncode>
                        <isRequired>true</isRequired>
                    </argument>
                </arguments>
                <events>
                    <event>
                        <key>start</key>
                        <value>m201</value>
                        <urlEncode>true</urlEncode>
                    </event>
                    <event>
                        <key>end</key>
                        <value>m203</value>
                        <urlEncode>true</urlEncode>
                    </event>
                </events>
            </config>
            <separator>&amp;</separator>
            <equalizer>=</equalizer>
            <timeStampUseSecond>false</timeStampUseSecond>
        </company>
    </companies>
	<placeholder/>
</config>