<?xml version="1.0" encoding="utf-8"?>
<manifest xmlns:android="http://schemas.android.com/apk/res/android"
    package="COM.Bangso.FitMiss"
    android:versionCode="1"
    android:versionName="1.5" >

    <uses-sdk
        android:minSdkVersion="14"
        android:targetSdkVersion="21" />

    <uses-permission android:name="android.permission.INTERNET" />
    <uses-permission android:name="android.permission.ACCESS_WIFI_STATE" />
    <uses-permission android:name="android.permission.ACCESS_NETWORK_STATE" />
    <uses-permission android:name="android.permission.WRITE_EXTERNAL_STORAGE" />
    <uses-permission android:name="android.permission.READ_LOGS" />
    <uses-permission android:name="android.permission.RESTART_PACKAGES" />
    <uses-permission android:name="android.permission.ACCESS_FINE_LOCATION" />
    <uses-permission android:name="android.permission.READ_PHONE_STATE" /> 
	<uses-permission android:name="android.permission.GET_TASKS" />

    <application
        android:allowBackup="true"
        android:icon="@drawable/ic_launcher"
        android:label="@string/app_name"
        android:theme="@style/AppTheme" >
        <activity
            android:name=".MainActivity"
            android:label="@string/app_name"
            android:screenOrientation="portrait"
            android:theme="@style/Theme.Fitmiss_actionbar" >
            <intent-filter>
                <action android:name="android.intent.action.MAIN" />

                <category android:name="android.intent.category.LAUNCHER" />
            </intent-filter>
        </activity>
        <activity
            android:name=".ActionBarBack"
            android:label="页面返回"
            android:screenOrientation="portrait"
            android:theme="@style/Theme.Fitmiss_actionbar" >
            <intent-filter>
                <action android:name="android.intent.action.VIEW" />

                <category android:name="android.intent.category.DEFAULT" />
                <category android:name="android.intent.category.BROWSABLE" />

                <data
                    android:host="weibo_mentions"
                    android:scheme="fitmiss" />
            </intent-filter>
        </activity>
        <activity
            android:name=".ActionBarBack2"
            android:label="页面返回222222"
            android:screenOrientation="landscape"
            android:theme="@style/Theme.Fitmiss_actionbar" >
            <intent-filter>
                <action android:name="android.intent.action.VIEW" />

                <category android:name="android.intent.category.DEFAULT" />
                <category android:name="android.intent.category.BROWSABLE" />

                <data
                    android:host="weibo_mentions"
                    android:scheme="fitmiss" />
            </intent-filter>
        </activity>
        <activity
            android:name=".MessageIndex"
            android:label="私信"
            android:screenOrientation="portrait"
            android:theme="@style/Theme.Fitmiss_actionbar" >
        </activity>
        <activity
            android:name=".TaskInfo"
            android:label="任务详情"
            android:screenOrientation="portrait"
            android:theme="@style/Theme.Fitmiss_actionbar" >
        </activity>
        <activity
            android:name=".TestVideoPlayer"
            android:label="视频播放测试"
            android:screenOrientation="portrait"
            android:theme="@style/Theme.Fitmiss_actionbar" >
        </activity>
        <activity
            android:name=".RecordWeight"
            android:label="体重记录"
            android:screenOrientation="portrait"
            android:theme="@style/Theme.Fitmiss_actionbar" >
        </activity>
        <activity
            android:name=".TaskChooseIndex"
            android:label="减肥方法"
            android:screenOrientation="portrait"
            android:theme="@style/Theme.Fitmiss_actionbar" >
        </activity>
        <activity
            android:name=".TaskChooseLevelIndex"
            android:label="减肥阶段"
            android:screenOrientation="portrait"
            android:theme="@style/Theme.Fitmiss_actionbar" >
        </activity>
        <activity
            android:name=".TaskChooseInfo"
            android:label="详情"
            android:screenOrientation="portrait"
            android:theme="@style/Theme.Fitmiss_actionbar" >
        </activity>
        <activity
            android:name=".TaskRemindSettings"
            android:label="提醒设置"
            android:screenOrientation="portrait"
            android:theme="@style/Theme.Fitmiss_actionbar" >
        </activity>
        <activity
            android:name=".TaskCycleCheckBoxList"
            android:label="重复"
            android:screenOrientation="portrait"
            android:theme="@style/Theme.Fitmiss_actionbar" >
        </activity>
        <activity
            android:name=".TaskManagement"
            android:label="任务管理"
            android:screenOrientation="portrait"
            android:theme="@style/Theme.Fitmiss_actionbar" >
        </activity>
        <activity
            android:name=".FitnessWayHistory"
            android:label="执行过的减肥方法"
            android:screenOrientation="portrait"
            android:theme="@style/Theme.Fitmiss_actionbar" >
        </activity>
        <activity
            android:name=".FitnessWayExecuteSituation"
            android:label="执行情况"
            android:screenOrientation="portrait"
            android:theme="@style/Theme.Fitmiss_actionbar" >
        </activity>
        <activity
            android:name=".FitnessWayExecuteSituationInfo"
            android:label=""
            android:screenOrientation="portrait"
            android:theme="@style/Theme.Fitmiss_actionbar" >
        </activity>
        <activity
            android:name=".FitnessWayCloseSummary"
            android:label="减肥计划"
            android:screenOrientation="portrait"
            android:theme="@style/Theme.Fitmiss_actionbar" >
        </activity>
        <activity
            android:name=".TaskExecuteIndex"
            android:label="执行任务"
            android:screenOrientation="portrait"
            android:theme="@style/Theme.Fitmiss_actionbar" >
        </activity>
        <activity
            android:name=".FriendIndexFragment"
            android:label="密友圈"
            android:screenOrientation="portrait"
            android:theme="@style/Theme.Fitmiss_actionbar" >
        </activity>
        <activity
            android:name=".ImagePagerActivity"
            android:label="图片"
            android:screenOrientation="portrait"
            android:theme="@style/Theme.Fitmiss_actionbar" >
        </activity>
        
        
        
        
        
        
        
     <!--    
         ###################注册SDK使用的Activity######################
        分享编辑页
        <activity
            android:name="com.umeng.socialize.view.ShareActivity"
            android:configChanges="orientation|keyboard"
            android:launchMode="singleTask"
            android:noHistory="true"
            android:theme="@style/Theme.UMDialog"
            android:windowSoftInputMode="stateVisible|adjustResize" >
        </activity>

        ############ QQ空间和QQ SSO授权的Activity注册 ############
        <activity
            android:name="com.tencent.tauth.AuthActivity"
            android:launchMode="singleTask"
            android:noHistory="true" >
            <intent-filter>
                <action android:name="android.intent.action.VIEW" />

                <category android:name="android.intent.category.DEFAULT" />
                <category android:name="android.intent.category.BROWSABLE" />
                100424468，如果你使用的公用账号，则不需要修改；否则修改成你在QQ开放平台申请的 APP ID
                <data android:scheme="tencent100424468" /> 
            </intent-filter>
        </activity>
        <activity android:name="com.tencent.connect.common.AssistActivity"
            android:theme="@android:style/Theme.Translucent.NoTitleBar"
            android:screenOrientation="portrait">
        </activity> -->

        <meta-data
            android:name="UMENG_APPKEY"
            android:value="555e878267e58ef3cc003a9c" >
        </meta-data>
        <meta-data
            android:name="UMENG_CHANNEL"
            android:value="GuanWang" />
    </application>

</manifest>